Nombre, URL, Error
Zapier, None, INVALID_LOGO_AS_WEB
Youz, None, INVALID_LOGO_AS_WEB
Sora, None, INVALID_LOGO_AS_WEB
Cuanto, None, INVALID_LOGO_AS_WEB
Weel, None, INVALID_LOGO_AS_WEB
Pgalo, None, INVALID_LOGO_AS_WEB
Olist, None, INVALID_LOGO_AS_WEB
Mento, None, INVALID_LOGO_AS_WEB
Ave, None, INVALID_LOGO_AS_WEB
Beloz By Amiloz, None, INVALID_LOGO_AS_WEB
Credmex, None, INVALID_LOGO_AS_WEB
Tuprimerlaburo, None, INVALID_LOGO_AS_WEB
Tuya, None, INVALID_LOGO_AS_WEB
One2Credit, None, INVALID_LOGO_AS_WEB
Prestamito Dinero Rapidito, None, INVALID_LOGO_AS_WEB
Yavo, None, INVALID_LOGO_AS_WEB
Open Finance, None, INVALID_LOGO_AS_WEB
Mercado Credito, None, INVALID_LOGO_AS_WEB
Zizoo, None, INVALID_LOGO_AS_WEB
Pago Fcil, None, INVALID_LOGO_AS_WEB
Qenta, None, INVALID_LOGO_AS_WEB
Regtech, None, INVALID_LOGO_AS_WEB
The Card, None, INVALID_LOGO_AS_WEB
Spei, None, INVALID_LOGO_AS_WEB
Menta, None, INVALID_LOGO_AS_WEB
Totvs, None, INVALID_LOGO_AS_WEB
Yuyu, None, INVALID_LOGO_AS_WEB
Zinpago, None, INVALID_LOGO_AS_WEB
Payphone, None, INVALID_LOGO_AS_WEB
Insurtech, None, INVALID_LOGO_AS_WEB
Sureti, None, INVALID_LOGO_AS_WEB
Credito 365, None, INVALID_LOGO_AS_WEB
Stonex Colombia Sa, None, INVALID_LOGO_AS_WEB
Gocredit, None, INVALID_LOGO_AS_WEB
Generams, None, INVALID_LOGO_AS_WEB
Yukka, None, INVALID_LOGO_AS_WEB
Cobre Fcil, None, INVALID_LOGO_AS_WEB
Clinng Payments, None, INVALID_LOGO_AS_WEB
Blooms Blu Fintech, None, INVALID_LOGO_AS_WEB
Conta Listo, None, INVALID_LOGO_AS_WEB
Cred Mex, None, INVALID_LOGO_AS_WEB
Credilike Me, None, INVALID_LOGO_AS_WEB
Volaris, None, INVALID_LOGO_AS_WEB
Mend, None, INVALID_LOGO_AS_WEB
Mega, None, INVALID_LOGO_AS_WEB
Finauta, None, INVALID_LOGO_AS_WEB
Teca, None, INVALID_LOGO_AS_WEB
Zulu, None, INVALID_LOGO_AS_WEB
Curadeuda, None, INVALID_LOGO_AS_WEB
Queseguroco, None, INVALID_LOGO_AS_WEB
Terapay, None, INVALID_LOGO_AS_WEB
Dale, None, INVALID_LOGO_AS_WEB
Inverspot, None, INVALID_LOGO_AS_WEB
Valueset, None, INVALID_LOGO_AS_WEB
Value, None, INVALID_LOGO_AS_WEB
180Deg Seguros, None, INVALID_LOGO_AS_WEB
Cent, None, INVALID_LOGO_AS_WEB
Velox Pay, None, INVALID_LOGO_AS_WEB
Kueskipay, None, INVALID_LOGO_AS_WEB
Mexico, None, INVALID_LOGO_AS_WEB
Nubloq, None, INVALID_LOGO_AS_WEB
Lana, None, INVALID_LOGO_AS_WEB
Loun, None, INVALID_LOGO_AS_WEB
Loto Punto, None, INVALID_LOGO_AS_WEB
Suned, None, INVALID_LOGO_AS_WEB
Lana Plus, None, INVALID_LOGO_AS_WEB
Fintech Que Otroga Microcreditos En Linea, None, INVALID_LOGO_AS_WEB
Uda, None, INVALID_LOGO_AS_WEB
Valoreo, None, INVALID_LOGO_AS_WEB
Trully, None, INVALID_LOGO_AS_WEB
Stere, None, INVALID_LOGO_AS_WEB
Swapi, None, INVALID_LOGO_AS_WEB
Systar, None, INVALID_LOGO_AS_WEB
Ubank, None, INVALID_LOGO_AS_WEB
Nera, None, INVALID_LOGO_AS_WEB
Noahui Soluciones, None, INVALID_LOGO_AS_WEB
Bienestar Préstamos Y Ahorro, None, INVALID_LOGO_AS_WEB
Sostengo, None, INVALID_LOGO_AS_WEB
Fiinte, None, INVALID_LOGO_AS_WEB
Willay, None, INVALID_LOGO_AS_WEB
Transferwise Wise, None, INVALID_LOGO_AS_WEB
Zoly, None, INVALID_LOGO_AS_WEB
Zunior, None, INVALID_LOGO_AS_WEB
Smartcfo, None, INVALID_LOGO_AS_WEB
Wealth Management, None, INVALID_LOGO_AS_WEB
Crédito Digital, None, INVALID_LOGO_AS_WEB
Didi Card, None, INVALID_LOGO_AS_WEB
Vadi, None, INVALID_LOGO_AS_WEB
Plataforma Tecnológica De Brasil, None, INVALID_LOGO_AS_WEB
Plataform, None, INVALID_LOGO_AS_WEB
Pontte, None, INVALID_LOGO_AS_WEB
Timis, None, INVALID_LOGO_AS_WEB
Tikket, None, INVALID_LOGO_AS_WEB
Pulso Vital, None, INVALID_LOGO_AS_WEB
Gibb, None, INVALID_LOGO_AS_WEB
Todo Pago, None, INVALID_LOGO_AS_WEB
Wonka, None, INVALID_LOGO_AS_WEB
Doplamx, None, INVALID_LOGO_AS_WEB
Xante, None, INVALID_LOGO_AS_WEB
Upayments, None, INVALID_LOGO_AS_WEB
Zimbat, None, INVALID_LOGO_AS_WEB
Refcil, None, INVALID_LOGO_AS_WEB
Totalpass, None, INVALID_LOGO_AS_WEB
Serviseniorcom, None, INVALID_LOGO_AS_WEB
Argentina, None, INVALID_LOGO_AS_WEB
Sofi, None, INVALID_LOGO_AS_WEB
Sacbé Payments, None, INVALID_LOGO_AS_WEB
Hackmetrix, None, INVALID_LOGO_AS_WEB
Valiu, None, INVALID_LOGO_AS_WEB
Smarter, None, INVALID_LOGO_AS_WEB
Wire, None, INVALID_LOGO_AS_WEB
Glu, None, INVALID_LOGO_AS_WEB
Maatai, None, INVALID_LOGO_AS_WEB
Lisa Insurtech, None, INVALID_LOGO_AS_WEB
Paytech, None, INVALID_LOGO_AS_WEB
Credit Fund, None, INVALID_LOGO_AS_WEB
Felix, None, INVALID_LOGO_AS_WEB
Global66, None, INVALID_LOGO_AS_WEB
Bucks, None, INVALID_LOGO_AS_WEB
Topaz, None, INVALID_LOGO_AS_WEB
Heru, None, INVALID_LOGO_AS_WEB
Bonnus, None, INVALID_LOGO_AS_WEB
Monetae, None, INVALID_LOGO_AS_WEB
Adiante Recebiveis Adiante Recebiveis, None, INVALID_LOGO_AS_WEB
Cryptomarket, None, INVALID_LOGO_AS_WEB
Fintech, None, INVALID_LOGO_AS_WEB
Seguralia, None, INVALID_LOGO_AS_WEB
Contaayuda, None, INVALID_LOGO_AS_WEB
Tecnología Apifirst Para La, None, INVALID_LOGO_AS_WEB
Joy, None, INVALID_LOGO_AS_WEB
Solvo, None, INVALID_LOGO_AS_WEB
Ipeo, None, INVALID_LOGO_AS_WEB
Fincomn, None, INVALID_LOGO_AS_WEB
Xp, None, INVALID_LOGO_AS_WEB
Zeptos, None, INVALID_LOGO_AS_WEB
Queseguro Co, None, INVALID_LOGO_AS_WEB
Tilt, None, INVALID_LOGO_AS_WEB
Capitalizarmecom, None, INVALID_LOGO_AS_WEB
Moneyman, None, INVALID_LOGO_AS_WEB
Colombia, None, INVALID_LOGO_AS_WEB
Travelex Confidence, None, INVALID_LOGO_AS_WEB
Handy, None, INVALID_LOGO_AS_WEB
Ebanking, None, INVALID_LOGO_AS_WEB
Kanastra, None, INVALID_LOGO_AS_WEB
We Are Dev, None, INVALID_LOGO_AS_WEB
Unit, None, INVALID_LOGO_AS_WEB
Bill Bank, None, INVALID_LOGO_AS_WEB
Zyte, None, INVALID_LOGO_AS_WEB
Antecipa, None, INVALID_LOGO_AS_WEB
Hurra Credit, None, INVALID_LOGO_AS_WEB
Siigo, None, INVALID_LOGO_AS_WEB
Kamino, None, INVALID_LOGO_AS_WEB
Ikiwi, None, INVALID_LOGO_AS_WEB
Tuatu Inversiones, None, INVALID_LOGO_AS_WEB
Waitlist, None, INVALID_LOGO_AS_WEB
Nébula Link, None, INVALID_LOGO_AS_WEB
Pibank, None, INVALID_LOGO_AS_WEB
Creditodigital, None, INVALID_LOGO_AS_WEB
Zero Hash, None, INVALID_LOGO_AS_WEB
Soluclick, None, INVALID_LOGO_AS_WEB
Grão Direto, None, INVALID_LOGO_AS_WEB
Tigo Money, None, INVALID_LOGO_AS_WEB
Capitalizarme Com, None, INVALID_LOGO_AS_WEB
Axcess Fintech, None, INVALID_LOGO_AS_WEB
Ngcash, None, INVALID_LOGO_AS_WEB
Vayu, None, INVALID_LOGO_AS_WEB
Zoox, None, INVALID_LOGO_AS_WEB
Pilla, None, INVALID_LOGO_AS_WEB
R2, None, INVALID_LOGO_AS_WEB
Stream, None, INVALID_LOGO_AS_WEB
Taku, None, INVALID_LOGO_AS_WEB
Srpago, None, INVALID_LOGO_AS_WEB
Soyyo, None, INVALID_LOGO_AS_WEB
Meta, None, INVALID_LOGO_AS_WEB
Cora, None, INVALID_LOGO_AS_WEB
Dey, None, INVALID_LOGO_AS_WEB
Pinbank Brasil, None, INVALID_LOGO_AS_WEB
Swap, None, INVALID_LOGO_AS_WEB
Lares, None, INVALID_LOGO_AS_WEB
Callao, None, INVALID_LOGO_AS_WEB
Kubofinanciero, None, INVALID_LOGO_AS_WEB
Z1, None, INVALID_LOGO_AS_WEB
Payjoy 2, None, INVALID_LOGO_AS_WEB
Galilea, None, INVALID_LOGO_AS_WEB
Peigo, None, INVALID_LOGO_AS_WEB
Sistecrdito, None, INVALID_LOGO_AS_WEB
Credit, None, INVALID_LOGO_AS_WEB
Toky, None, INVALID_LOGO_AS_WEB
Teratalk, None, INVALID_LOGO_AS_WEB
Topio, None, INVALID_LOGO_AS_WEB
Pagalo, None, INVALID_LOGO_AS_WEB
Adelanto, None, INVALID_LOGO_AS_WEB
Neobancos, None, INVALID_LOGO_AS_WEB
Sacbe Payments, None, INVALID_LOGO_AS_WEB
Adn, None, INVALID_LOGO_AS_WEB
Vb Benefcios, None, INVALID_LOGO_AS_WEB
Xolo, None, INVALID_LOGO_AS_WEB
Veinte, None, INVALID_LOGO_AS_WEB
Banca Me, None, INVALID_LOGO_AS_WEB
Peru, None, INVALID_LOGO_AS_WEB
Veloztia, None, INVALID_LOGO_AS_WEB
Cobre Fácil, None, INVALID_LOGO_AS_WEB
Kuanto Servicios Financieros, None, INVALID_LOGO_AS_WEB
Págame, None, INVALID_LOGO_AS_WEB
Gro, None, INVALID_LOGO_AS_WEB
Tapp, None, INVALID_LOGO_AS_WEB
Ecsa, None, INVALID_LOGO_AS_WEB
Alegra Com, None, INVALID_LOGO_AS_WEB
Ueno Bank, None, INVALID_LOGO_AS_WEB
Ubits, None, INVALID_LOGO_AS_WEB
Kalto, None, INVALID_LOGO_AS_WEB
Contaágil, None, INVALID_LOGO_AS_WEB
Nexa, None, INVALID_LOGO_AS_WEB
Tul, None, INVALID_LOGO_AS_WEB
Sura, None, INVALID_LOGO_AS_WEB
Cometa, None, INVALID_LOGO_AS_WEB
Smartlending, None, INVALID_LOGO_AS_WEB
Solven, None, INVALID_LOGO_AS_WEB
Moneo, None, INVALID_LOGO_AS_WEB
Brasil, None, INVALID_LOGO_AS_WEB
Xi, None, INVALID_LOGO_AS_WEB
Safmoney, None, INVALID_LOGO_AS_WEB
Ual, None, INVALID_LOGO_AS_WEB
Fintech De Créditos A, None, INVALID_LOGO_AS_WEB
Malga, None, INVALID_LOGO_AS_WEB
Med Fintech, None, INVALID_LOGO_AS_WEB
Stone Co, None, INVALID_LOGO_AS_WEB
Graviti, None, INVALID_LOGO_AS_WEB
Verde, None, INVALID_LOGO_AS_WEB
Bloom, None, INVALID_LOGO_AS_WEB
Crowdfunding, None, INVALID_LOGO_AS_WEB
Wooba, None, INVALID_LOGO_AS_WEB
Pagos360, None, INVALID_LOGO_AS_WEB
Plug, None, INVALID_LOGO_AS_WEB
Veci, None, INVALID_LOGO_AS_WEB
Kapital, None, INVALID_LOGO_AS_WEB
Money Money Invest, None, INVALID_LOGO_AS_WEB
Moni, None, INVALID_LOGO_AS_WEB
Xpense, None, INVALID_LOGO_AS_WEB
Logotipo De Adiante Recebiveis Adiante Recebiveis, None, INVALID_LOGO_AS_WEB
Tokencom, None, INVALID_LOGO_AS_WEB
Contagil, None, INVALID_LOGO_AS_WEB
Lendera Crowdlending, None, INVALID_LOGO_AS_WEB
Crdi Cer Financiera Para La Mujer, None, INVALID_LOGO_AS_WEB
Welli, None, INVALID_LOGO_AS_WEB
Multi Money, None, INVALID_LOGO_AS_WEB
Yops, None, INVALID_LOGO_AS_WEB
Smarket, None, INVALID_LOGO_AS_WEB
Infraestructura Para El Movimiento, None, INVALID_LOGO_AS_WEB
Vival, None, INVALID_LOGO_AS_WEB
Sicredi, None, INVALID_LOGO_AS_WEB
Avantthya Crédito Ahorro Inversión, None, INVALID_LOGO_AS_WEB
Tiendapago Capital Servicios Financieros, None, INVALID_LOGO_AS_WEB
Nu Invest, None, INVALID_LOGO_AS_WEB
Walo, None, INVALID_LOGO_AS_WEB
Western Union, None, INVALID_LOGO_AS_WEB
D3 Pagamentos, None, INVALID_LOGO_AS_WEB
Yoteprestocom, None, INVALID_LOGO_AS_WEB
Tex, None, INVALID_LOGO_AS_WEB
Meliuz, None, INVALID_LOGO_AS_WEB
Pretmex Tu Aliado Financiero, None, INVALID_LOGO_AS_WEB
Propaga, None, INVALID_LOGO_AS_WEB
Lulo X, None, INVALID_LOGO_AS_WEB
Finamigo By Financiera Mexicana Trinitas, None, INVALID_LOGO_AS_WEB
Veritus, None, INVALID_LOGO_AS_WEB
Sette, None, INVALID_LOGO_AS_WEB
Grão, None, INVALID_LOGO_AS_WEB
Pfm, None, INVALID_LOGO_AS_WEB
Iris Neofinanciera, None, INVALID_LOGO_AS_WEB
Nagro, None, INVALID_LOGO_AS_WEB
Pasarela De Pagos Simple Para Saas, None, INVALID_LOGO_AS_WEB
Paghiper, None, INVALID_LOGO_AS_WEB
Rapicredit, None, INVALID_LOGO_AS_WEB
Viabo, None, INVALID_LOGO_AS_WEB
Makas, None, INVALID_LOGO_AS_WEB
Dora, None, INVALID_LOGO_AS_WEB
Geru, None, INVALID_LOGO_AS_WEB
Zipp, None, INVALID_LOGO_AS_WEB
Ilana Healthlab Fintech, None, INVALID_LOGO_AS_WEB
Educacin, None, INVALID_LOGO_AS_WEB
Buscatucreditomx, None, INVALID_LOGO_AS_WEB
Seguros Para Todos, None, INVALID_LOGO_AS_WEB
Fie, None, INVALID_LOGO_AS_WEB
Openpay Bbva, None, INVALID_LOGO_AS_WEB
Wallets, None, INVALID_LOGO_AS_WEB
Hey Banco, None, INVALID_LOGO_AS_WEB
Moneygiver, None, INVALID_LOGO_AS_WEB
Grafeno Pagamentos, None, INVALID_LOGO_AS_WEB
Troca, None, INVALID_LOGO_AS_WEB
Finerio, None, INVALID_LOGO_AS_WEB
Chile, None, INVALID_LOGO_AS_WEB
Grab Go, None, INVALID_LOGO_AS_WEB
Wiz, None, INVALID_LOGO_AS_WEB
Activosdigitales, None, INVALID_LOGO_AS_WEB
Inklo, None, INVALID_LOGO_AS_WEB
Pier, None, INVALID_LOGO_AS_WEB
Finesa, None, INVALID_LOGO_AS_WEB
Cloudwalk, None, INVALID_LOGO_AS_WEB
Venero, None, INVALID_LOGO_AS_WEB
Deuna App, None, INVALID_LOGO_AS_WEB
Clave, None, INVALID_LOGO_AS_WEB
Treu, None, INVALID_LOGO_AS_WEB
Rapimoney, None, INVALID_LOGO_AS_WEB
Inversionesio, None, INVALID_LOGO_AS_WEB
El Dorado, None, INVALID_LOGO_AS_WEB
Cualli Financiera, None, INVALID_LOGO_AS_WEB
Monet, None, INVALID_LOGO_AS_WEB
Finaserv, None, INVALID_LOGO_AS_WEB
Finnet, None, INVALID_LOGO_AS_WEB
Payu, None, INVALID_LOGO_AS_WEB
Dimex, None, INVALID_LOGO_AS_WEB
Veritran, None, INVALID_LOGO_AS_WEB
Tanner, None, INVALID_LOGO_AS_WEB
Libélula Todotix, None, INVALID_LOGO_AS_WEB
Yalo, None, INVALID_LOGO_AS_WEB
N5, None, INVALID_LOGO_AS_WEB
Stone, None, INVALID_LOGO_AS_WEB
Orionxcom, None, INVALID_LOGO_AS_WEB
Holacasamx, None, INVALID_LOGO_AS_WEB
Kapstar, None, INVALID_LOGO_AS_WEB
Makasí, None, INVALID_LOGO_AS_WEB
Letsbit, None, INVALID_LOGO_AS_WEB
Ruvo Conecta Pix Criptomonedas Y Visa, None, INVALID_LOGO_AS_WEB
Digitracom, None, INVALID_LOGO_AS_WEB
Exactly, None, INVALID_LOGO_AS_WEB
Mossearth, None, INVALID_LOGO_AS_WEB
Bemmbo, None, INVALID_LOGO_AS_WEB
Anticipa, None, INVALID_LOGO_AS_WEB
Payana, None, INVALID_LOGO_AS_WEB
Fintech En Tendencia, None, INVALID_LOGO_AS_WEB
Presta En Lnea, None, INVALID_LOGO_AS_WEB
Sprout, None, INVALID_LOGO_AS_WEB
Tappaggo, None, INVALID_LOGO_AS_WEB
Teip, None, INVALID_LOGO_AS_WEB
Mdr Mercado De Recebíveis, None, INVALID_LOGO_AS_WEB
Pagare, None, INVALID_LOGO_AS_WEB
Crdito Digital, None, INVALID_LOGO_AS_WEB
Finbracom, None, INVALID_LOGO_AS_WEB
Biz, None, INVALID_LOGO_AS_WEB
Blitz, None, INVALID_LOGO_AS_WEB
Caliza, None, INVALID_LOGO_AS_WEB
Mova Credit As A Service, None, INVALID_LOGO_AS_WEB
Banki, None, INVALID_LOGO_AS_WEB
Bravo, None, INVALID_LOGO_AS_WEB
Stride, None, INVALID_LOGO_AS_WEB
Vita Wallet, None, INVALID_LOGO_AS_WEB
Terrenta, None, INVALID_LOGO_AS_WEB
Billet, None, INVALID_LOGO_AS_WEB
Credz, None, INVALID_LOGO_AS_WEB
Bemus, None, INVALID_LOGO_AS_WEB
Koin, None, INVALID_LOGO_AS_WEB
Num Finance, None, INVALID_LOGO_AS_WEB
Tarjeta De Prepago De Metro De Santiago, None, INVALID_LOGO_AS_WEB
Tiuna, None, INVALID_LOGO_AS_WEB
Wealthtech, None, INVALID_LOGO_AS_WEB
Pagadito, None, INVALID_LOGO_AS_WEB
Mova, None, INVALID_LOGO_AS_WEB
Kaskek, None, INVALID_LOGO_AS_WEB
Exponencial Confirming, None, INVALID_LOGO_AS_WEB
Saludfácil Financiamos Tu Salud, None, INVALID_LOGO_AS_WEB
Liblula Todotix, None, INVALID_LOGO_AS_WEB
Tio, None, INVALID_LOGO_AS_WEB
Pagseguro, None, INVALID_LOGO_AS_WEB
Icred, None, INVALID_LOGO_AS_WEB
Traders, None, INVALID_LOGO_AS_WEB
Yieldly, None, INVALID_LOGO_AS_WEB
Tracer, None, INVALID_LOGO_AS_WEB
Buk, None, INVALID_LOGO_AS_WEB
Pana, None, INVALID_LOGO_AS_WEB
Preztamoscom, None, INVALID_LOGO_AS_WEB
Zuuse, None, INVALID_LOGO_AS_WEB
Kala, None, INVALID_LOGO_AS_WEB
Pgame, None, INVALID_LOGO_AS_WEB
Oyster, None, INVALID_LOGO_AS_WEB
Onecar Now, None, INVALID_LOGO_AS_WEB
Gorila, None, INVALID_LOGO_AS_WEB
Pagbrasil, None, INVALID_LOGO_AS_WEB
Salevale Lo Vale, None, INVALID_LOGO_AS_WEB
Paggo, None, INVALID_LOGO_AS_WEB
Plin, None, INVALID_LOGO_AS_WEB
Blipay, None, INVALID_LOGO_AS_WEB
Retir, None, INVALID_LOGO_AS_WEB
Medá Fintech, None, INVALID_LOGO_AS_WEB
Indrive Money, None, All options failed in Swarm Mode
Stonex Payments, None, INVALID_LOGO_AS_WEB
Recuprate Ya, None, INVALID_LOGO_AS_WEB
Zid, None, INVALID_LOGO_AS_WEB
STP (Sistema de Transferencias y Pagos), stpmex.com, All options failed in Swarm Mode
Infocorp, infocorp.group, All options failed in Swarm Mode
FIDCs, n/a, INVALID_URL_FORMAT
Payment Institutions, n/a, INVALID_URL_FORMAT
Serfinanza, serfinanza.com, All options failed in Swarm Mode
Consumidores Finales (B2C), presta.com.uy, All options failed in Swarm Mode
PayU, payu.lat, Failed with Slot 2
Banco Atlántida, https://www.bancoatlantida.com/, Failed with Slot 2
SMEs in Colombia, N/A, INVALID_URL_FORMAT
Sub-acquirers (Subcredenciadores), n/a, INVALID_URL_FORMAT
